student_id,quiz_score,assignment_score,attendance,study_hours,response_time,login_frequency,previous_performance,engagement_level,learning_consistency,drift_label
1,88,85,95,4.5,22,7,85,5,92,0
2,82,80,90,3.8,28,6,80,4,88,0
3,91,89,97,5.0,18,7,88,5,95,0
4,78,76,88,3.5,32,6,75,4,82,0
5,85,83,92,4.2,25,7,83,5,90,0
6,80,78,86,3.2,30,5,78,4,80,0
7,87,84,94,4.8,20,7,85,5,91,0
8,76,74,85,3.0,35,5,74,4,78,0
9,90,88,96,5.2,19,7,87,5,93,0
10,83,81,91,4.0,27,6,82,4,87,0
11,79,77,87,3.3,31,6,76,4,81,0
12,86,84,93,4.5,23,7,84,5,89,0
13,92,90,98,5.5,17,7,90,5,96,0
14,77,75,86,3.1,34,5,73,4,79,0
15,84,82,91,4.1,26,6,81,4,86,0
16,89,87,95,4.7,21,7,86,5,92,0
17,81,79,89,3.6,29,6,79,4,83,0
18,75,73,84,2.8,36,5,72,4,77,0
19,88,86,94,4.6,22,7,86,5,91,0
20,82,80,90,3.8,27,6,80,4,85,0
21,93,91,99,5.8,16,7,91,5,97,0
22,86,84,93,4.4,23,7,84,5,90,0
23,80,78,88,3.5,30,6,77,4,82,0
24,84,82,92,4.2,25,6,82,4,88,0
25,77,75,86,3.2,33,5,74,4,80,0
26,90,88,96,5.1,19,7,88,5,94,0
27,85,83,93,4.3,24,7,83,5,90,0
28,79,77,87,3.4,31,5,76,4,81,0
29,87,85,94,4.7,21,7,85,5,92,0
30,83,81,90,4.0,27,6,81,4,86,0
31,76,74,85,2.9,35,5,73,4,78,0
32,88,86,95,4.6,22,7,86,5,92,0
33,91,89,97,5.2,18,7,89,5,95,0
34,84,82,91,4.1,26,6,82,5,87,0
35,78,76,87,3.3,32,5,75,4,80,0
36,86,84,93,4.5,23,7,84,5,89,0
37,82,80,90,3.9,28,6,80,4,85,0
38,90,88,96,5.0,19,7,87,5,93,0
39,75,73,84,2.8,36,5,72,4,77,0
40,83,81,91,4.0,26,6,81,4,86,0
41,89,87,96,4.8,20,7,87,5,93,0
42,77,75,86,3.1,34,5,74,4,79,0
43,85,83,92,4.3,24,7,83,5,90,0
44,92,90,97,5.4,17,7,90,5,96,0
45,80,78,88,3.6,30,6,78,4,82,0
46,87,85,94,4.6,21,7,85,5,91,0
47,81,79,89,3.7,29,6,79,4,84,0
48,93,91,98,5.6,16,7,91,5,97,0
49,76,74,85,3.0,34,5,73,4,78,0
50,84,82,91,4.2,25,6,82,4,87,0
51,65,62,75,2.0,52,4,70,3,58,1
52,58,55,68,1.5,62,3,65,3,48,1
53,70,67,78,2.3,48,4,72,3,62,1
54,63,60,72,1.8,58,3,67,3,52,1
55,68,65,76,2.1,54,4,70,3,60,1
56,72,69,80,2.5,46,4,74,3,65,1
57,60,57,70,1.6,60,3,63,2,50,1
58,66,63,74,2.0,55,4,68,3,55,1
59,71,68,79,2.4,50,4,73,3,63,1
60,64,61,72,1.7,58,3,65,3,53,1
61,69,66,77,2.2,52,4,71,3,61,1
62,57,54,67,1.4,64,3,60,2,46,1
63,73,70,81,2.6,45,4,75,3,67,1
64,62,59,71,1.7,59,3,64,3,51,1
65,67,64,75,2.0,54,4,69,3,57,1
66,74,71,82,2.7,44,4,76,3,68,1
67,61,58,70,1.6,61,3,62,2,49,1
68,69,66,78,2.3,51,4,71,3,62,1
69,55,52,65,1.3,67,3,58,2,44,1
70,72,69,80,2.5,47,4,73,3,64,1
71,66,63,74,2.1,53,4,68,3,56,1
72,63,60,72,1.8,57,3,66,3,52,1
73,70,67,79,2.4,49,4,72,3,63,1
74,58,55,68,1.5,63,3,61,3,47,1
75,74,71,82,2.7,45,4,76,3,67,1
76,65,62,74,2.0,52,4,67,3,57,1
77,68,65,77,2.2,53,4,70,3,60,1
78,62,59,71,1.7,59,3,64,2,50,1
79,71,68,80,2.4,49,4,73,3,63,1
80,56,53,66,1.4,65,3,59,2,45,1
81,73,70,81,2.6,46,4,75,3,66,1
82,60,57,70,1.6,61,3,63,2,49,1
83,67,64,76,2.1,54,4,69,3,58,1
84,64,61,73,1.9,57,3,66,3,53,1
85,70,67,79,2.3,50,4,72,3,62,1
86,59,56,68,1.5,63,3,62,3,47,1
87,75,72,83,2.8,44,4,77,3,68,1
88,63,60,72,1.8,58,3,65,3,52,1
89,68,65,77,2.2,52,4,70,3,60,1
90,57,54,67,1.4,65,3,60,2,46,1
91,72,69,80,2.5,47,4,74,3,64,1
92,66,63,75,2.0,53,4,68,3,56,1
93,61,58,70,1.6,61,3,63,2,49,1
94,69,66,78,2.3,51,4,71,3,62,1
95,74,71,82,2.7,45,4,76,3,67,1
96,65,62,74,2.0,52,4,67,3,57,1
97,67,64,76,2.1,54,4,69,3,59,1
98,71,68,79,2.4,49,4,73,3,63,1
99,58,55,68,1.5,62,3,61,3,48,1
100,70,67,78,2.3,50,4,72,3,62,1
101,42,38,55,0.8,88,2,48,2,32,2
102,35,32,48,0.6,98,1,40,1,24,2
103,48,44,60,1.0,82,2,52,2,38,2
104,38,35,50,0.7,95,1,42,1,26,2
105,45,41,57,0.9,86,2,50,2,35,2
106,50,46,63,1.1,78,2,55,2,40,2
107,33,30,45,0.5,102,1,38,1,22,2
108,44,40,56,0.8,90,2,47,2,33,2
109,40,36,52,0.7,96,1,44,1,28,2
110,47,43,59,1.0,84,2,51,2,36,2
111,36,33,48,0.6,100,1,41,1,25,2
112,43,39,55,0.8,89,2,47,2,32,2
113,49,45,62,1.1,80,2,53,2,39,2
114,37,34,50,0.7,97,1,42,1,27,2
115,46,42,58,1.0,85,2,51,2,36,2
116,41,37,53,0.8,92,1,45,1,29,2
117,34,31,46,0.6,101,1,39,1,23,2
118,48,44,61,1.0,83,2,52,2,38,2
119,39,36,52,0.7,94,1,43,1,27,2
120,50,46,63,1.1,79,2,54,2,40,2
121,42,38,55,0.8,91,2,47,2,32,2
122,36,33,48,0.6,99,1,41,1,24,2
123,45,41,58,0.9,87,2,50,2,35,2
124,40,37,53,0.7,93,1,44,1,29,2
125,47,43,60,1.0,85,2,51,2,36,2
126,43,39,56,0.8,89,2,48,2,33,2
127,35,32,47,0.6,100,1,40,1,24,2
128,49,45,61,1.1,81,2,53,2,39,2
129,38,35,50,0.7,95,1,43,1,27,2
130,44,40,57,0.9,88,2,49,2,34,2
131,46,42,59,1.0,84,2,51,2,37,2
132,37,34,49,0.7,97,1,42,1,26,2
133,50,46,63,1.1,79,2,55,2,40,2
134,41,38,54,0.8,91,2,46,2,30,2
135,34,31,46,0.6,103,1,39,1,22,2
136,48,44,61,1.0,82,2,52,2,38,2
137,39,36,51,0.7,96,1,44,1,28,2
138,43,39,56,0.9,88,2,48,2,33,2
139,36,33,48,0.6,101,1,41,1,24,2
140,47,43,60,1.0,85,2,52,2,37,2
141,45,41,57,0.9,87,2,50,2,35,2
142,33,30,45,0.5,104,1,38,1,21,2
143,49,45,62,1.1,80,2,54,2,39,2
144,38,35,51,0.7,94,1,43,1,28,2
145,44,40,57,0.8,89,2,49,2,34,2
146,40,37,52,0.7,93,1,45,1,29,2
147,46,42,59,1.0,86,2,51,2,36,2
148,35,32,47,0.6,100,1,40,1,23,2
149,42,38,54,0.8,90,2,47,2,32,2
150,50,46,63,1.1,78,2,55,2,40,2
